model,config_id,params,mean_pr_auc,std_pr_auc,fold1_pr_auc,fold2_pr_auc,fold3_pr_auc,fold_best_iterations,selected
logreg,0,"{""C"": 0.001}",0.3626187100738842,0.024783430569780076,0.3326354025463533,0.361891629839875,0.3933290978354243,,False
logreg,1,"{""C"": 0.01}",0.36578399328541883,0.024249219389183757,0.33822049053564396,0.3618957998782898,0.3972356894423228,,False
logreg,2,"{""C"": 0.1}",0.36618271660074625,0.023957496814468723,0.3393105966745961,0.36174814819129686,0.39748940493634566,,False
logreg,3,"{""C"": 1.0}",0.36620489186790534,0.023944753814930667,0.3394140329763311,0.3616639263923244,0.3975367162350604,,False
logreg,4,"{""C"": 10.0}",0.3662149419392546,0.023944805704245568,0.33942894572309845,0.361665995187531,0.39754988490713417,,True
rf,0,"{""n_estimators"": 300, ""max_depth"": 6, ""min_samples_leaf"": 50, ""max_features"": ""sqrt""}",0.37186048279961476,0.02038311646803259,0.3486059678653917,0.3687355266428468,0.39823995389060557,,False
rf,1,"{""n_estimators"": 300, ""max_depth"": 6, ""min_samples_leaf"": 50, ""max_features"": 0.33}",0.3731474684967824,0.020271941652439795,0.35197025665336573,0.36700073153451684,0.4004714173024646,,True
rf,2,"{""n_estimators"": 300, ""max_depth"": 10, ""min_samples_leaf"": 100, ""max_features"": 0.33}",0.3706784364064612,0.021026196568186006,0.34912536976260217,0.3637137634032834,0.3991961760534979,,False
rf,3,"{""n_estimators"": 300, ""max_depth"": 16, ""min_samples_leaf"": 50, ""max_features"": 0.33}",0.37241431201001163,0.01969687760138448,0.35166837051355415,0.36668899358096896,0.39888557193551183,,False
rf,4,"{""n_estimators"": 300, ""max_depth"": 16, ""min_samples_leaf"": 100, ""max_features"": 0.5}",0.37117586831777744,0.02080116037606774,0.34994251323827563,0.36416044775386575,0.39942464396119093,,False
rf,5,"{""n_estimators"": 300, ""max_depth"": 16, ""min_samples_leaf"": 200, ""max_features"": ""sqrt""}",0.3701514649201636,0.01977482656980473,0.34988248350423706,0.36359937589861374,0.3969725353576401,,False
rf,6,"{""n_estimators"": 300, ""max_depth"": null, ""min_samples_leaf"": 50, ""max_features"": ""sqrt""}",0.37289188208328766,0.02118137553837943,0.3495440384959749,0.36831358389278285,0.4008180238611053,,False
rf,7,"{""n_estimators"": 300, ""max_depth"": null, ""min_samples_leaf"": 100, ""max_features"": 0.5}",0.3708487193995164,0.02042265598021476,0.34994251323827563,0.3640442089751623,0.39855943598511123,,False
xgb_unweighted,0,"{""learning_rate"": 0.0155, ""max_depth"": 7, ""subsample"": 0.725, ""colsample_bytree"": 0.622, ""min_child_weight"": 71.37}",0.37483799053763295,0.019432927170262765,0.35542151537037003,0.3677025837214797,0.40138987252104924,"126,291,52",False
xgb_unweighted,1,"{""learning_rate"": 0.0893, ""max_depth"": 4, ""subsample"": 0.722, ""colsample_bytree"": 0.536, ""min_child_weight"": 12.86}",0.37157277782132936,0.019704416383654173,0.34894440932626075,0.36880279571195174,0.39697112842577553,"17,10,24",False
xgb_unweighted,2,"{""learning_rate"": 0.0124, ""max_depth"": 7, ""subsample"": 0.914, ""colsample_bytree"": 0.779, ""min_child_weight"": 32.82}",0.3718447564910999,0.01986562421430418,0.3536851494144702,0.3623601844338624,0.39948893562496707,"89,18,115",False
xgb_unweighted,3,"{""learning_rate"": 0.0334, ""max_depth"": 2, ""subsample"": 0.947, ""colsample_bytree"": 0.867, ""min_child_weight"": 2.45}",0.37483320336776754,0.020359964270138243,0.35534858179938034,0.36621647388906853,0.4029345544148538,"103,181,304",False
xgb_unweighted,4,"{""learning_rate"": 0.0489, ""max_depth"": 8, ""subsample"": 0.522, ""colsample_bytree"": 0.493, ""min_child_weight"": 23.23}",0.3721304973849306,0.01971668113965738,0.35321031394707125,0.36385245879785855,0.399328719409862,"17,68,25",False
xgb_unweighted,5,"{""learning_rate"": 0.1259, ""max_depth"": 4, ""subsample"": 0.663, ""colsample_bytree"": 0.622, ""min_child_weight"": 8.69}",0.37371852097690544,0.02131701624086051,0.3484835200235081,0.3720525058751064,0.400619537032102,"13,14,29",False
xgb_unweighted,6,"{""learning_rate"": 0.019, ""max_depth"": 8, ""subsample"": 0.565, ""colsample_bytree"": 0.685, ""min_child_weight"": 2.84}",0.3660113256031003,0.02383312391054127,0.3409534165287442,0.35901843115974374,0.3980621291208129,"82,9,70",False
xgb_unweighted,7,"{""learning_rate"": 0.0976, ""max_depth"": 8, ""subsample"": 0.916, ""colsample_bytree"": 0.82, ""min_child_weight"": 4.21}",0.3580895678904887,0.02129462151259449,0.3322430259642385,0.3576278263064429,0.38439785140078464,"15,15,24",False
xgb_unweighted,8,"{""learning_rate"": 0.1696, ""max_depth"": 5, ""subsample"": 0.902, ""colsample_bytree"": 0.632, ""min_child_weight"": 3.77}",0.3718830430965481,0.020266533732035553,0.35089964944039587,0.3654670056804739,0.3992824741687746,"5,27,19",False
xgb_unweighted,9,"{""learning_rate"": 0.1019, ""max_depth"": 6, ""subsample"": 0.6, ""colsample_bytree"": 0.404, ""min_child_weight"": 37.48}",0.3719344090079087,0.019377040535562773,0.3526612569863181,0.36470048537465805,0.3984414846627501,"27,16,29",False
xgb_unweighted,10,"{""learning_rate"": 0.096, ""max_depth"": 2, ""subsample"": 0.853, ""colsample_bytree"": 0.868, ""min_child_weight"": 8.28}",0.37563757309660106,0.021113931347322822,0.35442697067371576,0.3680417780758682,0.40444397054021913,"41,190,97",False
xgb_unweighted,11,"{""learning_rate"": 0.0692, ""max_depth"": 2, ""subsample"": 0.557, ""colsample_bytree"": 0.801, ""min_child_weight"": 8.75}",0.3764614533771656,0.019832279898496192,0.35914952083258145,0.36600716761979385,0.4042276716791215,"61,123,118",False
xgb_unweighted,12,"{""learning_rate"": 0.0684, ""max_depth"": 2, ""subsample"": 0.882, ""colsample_bytree"": 0.781, ""min_child_weight"": 12.8}",0.374984266355792,0.01959051694830422,0.3568188435869726,0.3659508083554991,0.40218314712490427,"42,103,84",False
xgb_unweighted,13,"{""learning_rate"": 0.067, ""max_depth"": 7, ""subsample"": 0.515, ""colsample_bytree"": 0.662, ""min_child_weight"": 2.69}",0.3664164697724362,0.02079304420256168,0.3431486425129952,0.36247854369764076,0.39362222310667255,"14,30,19",False
xgb_unweighted,14,"{""learning_rate"": 0.0401, ""max_depth"": 4, ""subsample"": 0.927, ""colsample_bytree"": 0.54, ""min_child_weight"": 1.31}",0.37435069654143344,0.02057184952346682,0.3516950877056834,0.36987204561867765,0.4014849562999393,"31,91,90",False
xgb_unweighted,15,"{""learning_rate"": 0.026, ""max_depth"": 8, ""subsample"": 0.831, ""colsample_bytree"": 0.734, ""min_child_weight"": 36.97}",0.3729060904924479,0.019058456023355458,0.3547088061891094,0.3647861016886996,0.3992233635995347,"48,129,11",False
xgb_unweighted,16,"{""learning_rate"": 0.0958, ""max_depth"": 4, ""subsample"": 0.703, ""colsample_bytree"": 0.888, ""min_child_weight"": 2.16}",0.37208711267611333,0.0220040665048169,0.34964084330974304,0.3646449812810485,0.4019755134375484,"8,56,19",False
xgb_unweighted,17,"{""learning_rate"": 0.0108, ""max_depth"": 2, ""subsample"": 0.861, ""colsample_bytree"": 0.677, ""min_child_weight"": 2.1}",0.36977401677022287,0.01829628348366128,0.35693203473150126,0.35674138069951106,0.39564863487965635,"306,18,148",False
xgb_unweighted,18,"{""learning_rate"": 0.055, ""max_depth"": 2, ""subsample"": 0.576, ""colsample_bytree"": 0.818, ""min_child_weight"": 7.8}",0.37703500114917743,0.019628856050646546,0.3591580788159706,0.36758189575105144,0.4043650288805103,"65,192,168",True
xgb_unweighted,19,"{""learning_rate"": 0.0365, ""max_depth"": 3, ""subsample"": 0.815, ""colsample_bytree"": 0.617, ""min_child_weight"": 1.5}",0.3741753863075163,0.021972797523407347,0.34967469573624266,0.3698730016776675,0.4029784615086387,"33,208,134",False
xgb_unweighted,20,"{""learning_rate"": 0.0149, ""max_depth"": 4, ""subsample"": 0.981, ""colsample_bytree"": 0.945, ""min_child_weight"": 25.09}",0.3738280751113105,0.01945728468266868,0.35387166755383026,0.3673994132880098,0.4002131444920914,"95,176,153",False
xgb_unweighted,21,"{""learning_rate"": 0.0247, ""max_depth"": 7, ""subsample"": 0.889, ""colsample_bytree"": 0.83, ""min_child_weight"": 7.92}",0.36827480263177187,0.020247011930710736,0.3439372011237193,0.3673794117609811,0.3935077950106153,"17,132,98",False
xgb_unweighted,22,"{""learning_rate"": 0.0252, ""max_depth"": 8, ""subsample"": 0.548, ""colsample_bytree"": 0.942, ""min_child_weight"": 8.16}",0.3691325701707225,0.022619289648246554,0.3428341685426217,0.36651015248373614,0.3980533894858095,"12,64,78",False
xgb_unweighted,23,"{""learning_rate"": 0.0199, ""max_depth"": 7, ""subsample"": 0.79, ""colsample_bytree"": 0.506, ""min_child_weight"": 51.67}",0.3731722434507085,0.02054848386948966,0.3529110100915774,0.36526201477654574,0.40134370548400233,"25,210,109",False
xgb_unweighted,24,"{""learning_rate"": 0.132, ""max_depth"": 4, ""subsample"": 0.86, ""colsample_bytree"": 0.659, ""min_child_weight"": 17.97}",0.3752282497219978,0.01846736873378074,0.35335389172234416,0.37380824827880366,0.3985226091648454,"10,13,23",False
xgb_unweighted,25,"{""learning_rate"": 0.0729, ""max_depth"": 2, ""subsample"": 0.542, ""colsample_bytree"": 0.649, ""min_child_weight"": 1.21}",0.37673203726436083,0.020604564066342236,0.35804852348051563,0.3667084430088693,0.4054391453036975,"37,93,140",False
xgb_unweighted,26,"{""learning_rate"": 0.0537, ""max_depth"": 6, ""subsample"": 0.665, ""colsample_bytree"": 0.487, ""min_child_weight"": 1.61}",0.368420977943877,0.022445340196651824,0.3425802093569767,0.36537637072640405,0.3973063537482504,"16,98,25",False
xgb_unweighted,27,"{""learning_rate"": 0.0738, ""max_depth"": 7, ""subsample"": 0.963, ""colsample_bytree"": 0.749, ""min_child_weight"": 4.94}",0.3619803986411403,0.019541441125011026,0.3382709229524569,0.36153889910207043,0.3861313738688935,"8,30,29",False
xgb_unweighted,28,"{""learning_rate"": 0.0746, ""max_depth"": 3, ""subsample"": 0.511, ""colsample_bytree"": 0.975, ""min_child_weight"": 9.22}",0.37525819410703437,0.023114903579353713,0.3495275650906003,0.37066214558030464,0.4055848716501983,"31,66,61",False
xgb_unweighted,29,"{""learning_rate"": 0.1433, ""max_depth"": 2, ""subsample"": 0.743, ""colsample_bytree"": 0.694, ""min_child_weight"": 75.1}",0.3768450128810994,0.02021759976954925,0.35640213322072334,0.36975479438355774,0.40437811103901716,"23,58,72",False
xgb_weighted,0,"{""learning_rate"": 0.0155, ""max_depth"": 7, ""subsample"": 0.725, ""colsample_bytree"": 0.622, ""min_child_weight"": 71.37}",0.3726019735889306,0.019520753637382548,0.35166468732342665,0.3674881821643252,0.39865305127904016,"20,69,58",False
xgb_weighted,1,"{""learning_rate"": 0.0893, ""max_depth"": 4, ""subsample"": 0.722, ""colsample_bytree"": 0.536, ""min_child_weight"": 12.86}",0.3707000735894194,0.022661405254861985,0.347298364971574,0.3634383606272228,0.4013634951694614,"57,15,29",False
xgb_weighted,2,"{""learning_rate"": 0.0124, ""max_depth"": 7, ""subsample"": 0.914, ""colsample_bytree"": 0.779, ""min_child_weight"": 32.82}",0.3715480529375497,0.0176854956026187,0.3561213061001945,0.362212181693267,0.39631067101918765,"13,76,27",False
xgb_weighted,3,"{""learning_rate"": 0.0334, ""max_depth"": 2, ""subsample"": 0.947, ""colsample_bytree"": 0.867, ""min_child_weight"": 2.45}",0.37066901510096223,0.022759954586515807,0.3564124778402441,0.3528055519351711,0.40278901552747165,"111,13,240",False
xgb_weighted,4,"{""learning_rate"": 0.0489, ""max_depth"": 8, ""subsample"": 0.522, ""colsample_bytree"": 0.493, ""min_child_weight"": 23.23}",0.37003953414615776,0.019766166007984854,0.3477990071052954,0.36649449181599975,0.39582510351717815,"11,54,17",False
xgb_weighted,5,"{""learning_rate"": 0.1259, ""max_depth"": 4, ""subsample"": 0.663, ""colsample_bytree"": 0.622, ""min_child_weight"": 8.69}",0.3734617178949175,0.021555029199118128,0.347883693138295,0.3718892396533642,0.4006122208930933,"8,22,29",False
xgb_weighted,6,"{""learning_rate"": 0.019, ""max_depth"": 8, ""subsample"": 0.565, ""colsample_bytree"": 0.685, ""min_child_weight"": 2.84}",0.3620821623177579,0.024707865700779312,0.33715323079137366,0.3533421657924067,0.3957510903694933,"67,62,73",False
xgb_weighted,7,"{""learning_rate"": 0.0976, ""max_depth"": 8, ""subsample"": 0.916, ""colsample_bytree"": 0.82, ""min_child_weight"": 4.21}",0.35066693550038225,0.02084610353928233,0.32845522145757056,0.34498530108870057,0.37856028395487573,"10,41,18",False
xgb_weighted,8,"{""learning_rate"": 0.1696, ""max_depth"": 5, ""subsample"": 0.902, ""colsample_bytree"": 0.632, ""min_child_weight"": 3.77}",0.3673188513820735,0.016793366078775795,0.3499482894201837,0.3619783204710182,0.3900299442550187,"4,4,5",False
xgb_weighted,9,"{""learning_rate"": 0.1019, ""max_depth"": 6, ""subsample"": 0.6, ""colsample_bytree"": 0.404, ""min_child_weight"": 37.48}",0.3716158350658811,0.015381912689133269,0.3563069746289782,0.3658861720742285,0.3926543584944365,"11,16,28",False
xgb_weighted,10,"{""learning_rate"": 0.096, ""max_depth"": 2, ""subsample"": 0.853, ""colsample_bytree"": 0.868, ""min_child_weight"": 8.28}",0.3737182860292945,0.02357122113051635,0.3486316668438367,0.367251076119432,0.40527211512461503,"22,103,70",False
xgb_weighted,11,"{""learning_rate"": 0.0692, ""max_depth"": 2, ""subsample"": 0.557, ""colsample_bytree"": 0.801, ""min_child_weight"": 8.75}",0.37354113480863904,0.021266952982369195,0.35431410889109943,0.3631255179933485,0.4031837775414691,"65,146,99",False
xgb_weighted,12,"{""learning_rate"": 0.0684, ""max_depth"": 2, ""subsample"": 0.882, ""colsample_bytree"": 0.781, ""min_child_weight"": 12.8}",0.3762646610046348,0.020223658187450637,0.35851684296363207,0.36571549761596633,0.4045616424343059,"60,69,93",True
xgb_weighted,13,"{""learning_rate"": 0.067, ""max_depth"": 7, ""subsample"": 0.515, ""colsample_bytree"": 0.662, ""min_child_weight"": 2.69}",0.3635262275029607,0.022377298754033808,0.33799255034564357,0.3601023666708356,0.39248376549240294,"51,12,25",False
xgb_weighted,14,"{""learning_rate"": 0.0401, ""max_depth"": 4, ""subsample"": 0.927, ""colsample_bytree"": 0.54, ""min_child_weight"": 1.31}",0.37300042061395283,0.02110861211557064,0.3508404961488402,0.36675803979068095,0.4014027259023374,"29,100,72",False
xgb_weighted,15,"{""learning_rate"": 0.026, ""max_depth"": 8, ""subsample"": 0.831, ""colsample_bytree"": 0.734, ""min_child_weight"": 36.97}",0.37163577699090516,0.018177597294566878,0.35096131727668084,0.36874188438056,0.39520412931547466,"25,8,74",False
xgb_weighted,16,"{""learning_rate"": 0.0958, ""max_depth"": 4, ""subsample"": 0.703, ""colsample_bytree"": 0.888, ""min_child_weight"": 2.16}",0.3710393697340126,0.020364789954960605,0.3493961793430289,0.36540598886938147,0.3983159409896274,"52,12,29",False
xgb_weighted,17,"{""learning_rate"": 0.0108, ""max_depth"": 2, ""subsample"": 0.861, ""colsample_bytree"": 0.677, ""min_child_weight"": 2.1}",0.37226128759024807,0.021166178726439333,0.35589743189172507,0.3587365608647532,0.4021498700142661,"282,124,396",False
xgb_weighted,18,"{""learning_rate"": 0.055, ""max_depth"": 2, ""subsample"": 0.576, ""colsample_bytree"": 0.818, ""min_child_weight"": 7.8}",0.37070826986414024,0.024116482334317624,0.3520153036520189,0.3553497566958327,0.40475974924456914,"72,8,168",False
xgb_weighted,19,"{""learning_rate"": 0.0365, ""max_depth"": 3, ""subsample"": 0.815, ""colsample_bytree"": 0.617, ""min_child_weight"": 1.5}",0.37504761488652555,0.020641780894767685,0.35550442265596993,0.36603963683620905,0.40359878516739767,"98,80,111",False
xgb_weighted,20,"{""learning_rate"": 0.0149, ""max_depth"": 4, ""subsample"": 0.981, ""colsample_bytree"": 0.945, ""min_child_weight"": 25.09}",0.368524113026732,0.021472461462725044,0.3529413568782694,0.35374375689608917,0.3988872253058373,"72,3,172",False
xgb_weighted,21,"{""learning_rate"": 0.0247, ""max_depth"": 7, ""subsample"": 0.889, ""colsample_bytree"": 0.83, ""min_child_weight"": 7.92}",0.3659551690308212,0.020207841067388335,0.34494412769338,0.3596845945834401,0.39323678481564356,"13,15,85",False
xgb_weighted,22,"{""learning_rate"": 0.0252, ""max_depth"": 8, ""subsample"": 0.548, ""colsample_bytree"": 0.942, ""min_child_weight"": 8.16}",0.36657806315986985,0.021306133649113945,0.34371093250544704,0.36101904927331785,0.3950042077008447,"65,70,41",False
xgb_weighted,23,"{""learning_rate"": 0.0199, ""max_depth"": 7, ""subsample"": 0.79, ""colsample_bytree"": 0.506, ""min_child_weight"": 51.67}",0.3744659134244323,0.018547926693979047,0.3566682610048961,0.3666772876647455,0.4000521916036553,"55,13,15",False
xgb_weighted,24,"{""learning_rate"": 0.132, ""max_depth"": 4, ""subsample"": 0.86, ""colsample_bytree"": 0.659, ""min_child_weight"": 17.97}",0.3733872668921947,0.019047302760062133,0.35248478437234004,0.3691240838674078,0.3985529324368361,"23,15,19",False
xgb_weighted,25,"{""learning_rate"": 0.0729, ""max_depth"": 2, ""subsample"": 0.542, ""colsample_bytree"": 0.649, ""min_child_weight"": 1.21}",0.3742874207410312,0.022038524672308515,0.35239618504863046,0.3660204072085593,0.404445669965904,"66,99,228",False
xgb_weighted,26,"{""learning_rate"": 0.0537, ""max_depth"": 6, ""subsample"": 0.665, ""colsample_bytree"": 0.487, ""min_child_weight"": 1.61}",0.3657577692635808,0.021822242229828922,0.338390996723987,0.3670876052549924,0.391794705811763,"7,14,29",False
xgb_weighted,27,"{""learning_rate"": 0.0738, ""max_depth"": 7, ""subsample"": 0.963, ""colsample_bytree"": 0.749, ""min_child_weight"": 4.94}",0.3596483021858647,0.019981940837642466,0.33548936806069046,0.3590322438197748,0.3844232946771288,"25,40,13",False
xgb_weighted,28,"{""learning_rate"": 0.0746, ""max_depth"": 3, ""subsample"": 0.511, ""colsample_bytree"": 0.975, ""min_child_weight"": 9.22}",0.37461918470557337,0.023497959869240675,0.34935973796866976,0.3685486021959435,0.4059492139521068,"32,72,60",False
xgb_weighted,29,"{""learning_rate"": 0.1433, ""max_depth"": 2, ""subsample"": 0.743, ""colsample_bytree"": 0.694, ""min_child_weight"": 75.1}",0.3749107914287189,0.02073060952707566,0.3547435207633388,0.3665662376892811,0.4034226158335369,"25,76,58",False
